id,imie,nazwisko,email,plec
1,Merrili,Stranaghan,mstranaghan0@t.co,Female
2,Ardella,Troth,atroth1@yale.edu,Female
3,Stephie,Crebbin,screbbin2@1688.com,Female
4,Matias,Kingswold,mkingswold3@feedburner.com,Male
5,Mariana,Gaythwaite,mgaythwaite4@bizjournals.com,Female
6,Efren,Domleo,edomleo5@youtube.com,Male
7,Nananne,Messer,nmesser6@google.co.jp,Female
8,Sadye,Urwen,surwen7@intel.com,Female
9,Ellswerth,Diack,ediack8@constantcontact.com,Male
10,Gussie,Odd,godd9@example.com,Female
11,Dacy,Buchan,dbuchana@jigsy.com,Female
12,Cale,James,cjamesb@statcounter.com,Male
13,Gusti,Jedrzejczyk,gjedrzejczykc@cam.ac.uk,Female
14,Michale,Beatson,mbeatsond@w3.org,Male
15,Merell,Canet,mcanete@businessinsider.com,Male
16,Thom,Mayzes,tmayzesf@irs.gov,Male
17,Selig,Rittmeier,srittmeierg@ameblo.jp,Male
18,Carlin,Stoyle,cstoyleh@privacy.gov.au,Female
19,Andris,Arlidge,aarlidgei@booking.com,Male
20,Guss,Marzele,gmarzelej@scribd.com,Male
21,Sigismond,Brane,sbranek@feedburner.com,Male
22,Simmonds,Hartles,shartlesl@zdnet.com,Male
23,Rickard,Clarycott,rclarycottm@auda.org.au,Male
24,Noelani,Hawlgarth,nhawlgarthn@slideshare.net,Female
25,Leland,Statefield,lstatefieldo@timesonline.co.uk,Female
26,Aldon,Craighill,acraighillp@wunderground.com,Male
27,Archaimbaud,Killelea,akilleleaq@purevolume.com,Male
28,Jenna,Murkus,jmurkusr@blogspot.com,Female
29,Adelice,Lucia,alucias@unc.edu,Female
30,Reube,Yves,ryvest@sphinn.com,Male
31,Bondon,Grimwood,bgrimwoodu@booking.com,Male
32,Torre,Limb,tlimbv@acquirethisname.com,Male
33,Morna,Hellwich,mhellwichw@sphinn.com,Female
34,Pamelina,Boerder,pboerderx@soup.io,Female
35,Barnabe,Bartunek,bbartuneky@cnet.com,Male
36,Wayland,Eisikowitz,weisikowitzz@cocolog-nifty.com,Male
37,Lane,Lafflin,llafflin10@state.gov,Female
38,Neill,Langlands,nlanglands11@businessinsider.com,Male
39,Sherrie,Hehnke,shehnke12@blogger.com,Female
40,Farrell,Ertelt,fertelt13@google.ru,Male
41,Mordy,Eadington,meadington14@stumbleupon.com,Male
42,Rurik,Giovannazzi,rgiovannazzi15@unicef.org,Male
43,Hyacinthie,Drysdale,hdrysdale16@godaddy.com,Female
44,Efren,Rapi,erapi17@house.gov,Male
45,Beltran,Rumble,brumble18@parallels.com,Male
46,Briana,Count,bcount19@odnoklassniki.ru,Female
47,Glenden,Jobke,gjobke1a@intel.com,Male
48,Trish,MacNeil,tmacneil1b@soup.io,Female
49,Travus,Josefovic,tjosefovic1c@eepurl.com,Male
50,Burlie,Patsall,bpatsall1d@miitbeian.gov.cn,Male
51,Shelli,Pawelek,spawelek1e@vistaprint.com,Female
52,Adriaens,McCloid,amccloid1f@webs.com,Female
53,Erhard,Sawers,esawers1g@bizjournals.com,Male
54,Leroi,Tyndall,ltyndall1h@delicious.com,Male
55,Lorne,McLeman,lmcleman1i@vk.com,Female
56,Angel,Chatainier,achatainier1j@dyndns.org,Male
57,Laure,Everard,leverard1k@newsvine.com,Female
58,Neils,Zorzenoni,nzorzenoni1l@java.com,Male
59,Hulda,Bompas,hbompas1m@zdnet.com,Female
60,Gasper,Mulqueeny,gmulqueeny1n@shinystat.com,Male
61,Lenore,Saltsberger,lsaltsberger1o@zdnet.com,Female
62,Cassandre,Marie,cmarie1p@msu.edu,Female
63,Olga,Nisius,onisius1q@scribd.com,Female
64,Ronni,Raithby,rraithby1r@ed.gov,Female
65,Casper,Raine,craine1s@naver.com,Male
66,Reilly,Vosse,rvosse1t@cyberchimps.com,Male
67,Jacinda,Clopton,jclopton1u@auda.org.au,Female
68,Myer,Thorouggood,mthorouggood1v@odnoklassniki.ru,Male
69,Helen,Hawson,hhawson1w@usda.gov,Female
70,Elnora,Doerr,edoerr1x@free.fr,Female
71,Hector,Carabine,hcarabine1y@jalbum.net,Male
72,Corinna,McJarrow,cmcjarrow1z@shutterfly.com,Female
73,Frayda,Insole,finsole20@indiegogo.com,Female
74,Marcello,Kinglesyd,mkinglesyd21@php.net,Male
75,Jordon,Bickle,jbickle22@e-recht24.de,Male
76,Tate,Horlick,thorlick23@mayoclinic.com,Female
77,Shelli,Ricardot,sricardot24@omniture.com,Female
78,Siana,Gilstin,sgilstin25@chicagotribune.com,Female
79,Letizia,Mozzetti,lmozzetti26@netscape.com,Female
80,Ricky,Gisbourn,rgisbourn27@360.cn,Female
81,Bibbye,Hoyer,bhoyer28@theglobeandmail.com,Female
82,Romeo,Doerrling,rdoerrling29@sakura.ne.jp,Male
83,Nedi,Dieton,ndieton2a@woothemes.com,Female
84,Calhoun,D'Hooghe,cdhooghe2b@scribd.com,Male
85,Cinnamon,Gretton,cgretton2c@mac.com,Female
86,Revkah,Dobney,rdobney2d@soup.io,Female
87,Levey,Fellnee,lfellnee2e@google.co.uk,Male
88,Hildy,Siveyer,hsiveyer2f@amazon.com,Female
89,Joyann,Yushankin,jyushankin2g@google.fr,Female
90,Darelle,Mouat,dmouat2h@theguardian.com,Female
91,Delano,Vettore,dvettore2i@wsj.com,Male
92,Reg,Huetson,rhuetson2j@weibo.com,Male
93,Gabie,Isitt,gisitt2k@independent.co.uk,Male
94,Sephira,Zorzenoni,szorzenoni2l@51.la,Female
95,Margy,Vasser,mvasser2m@lulu.com,Female
96,Ryann,Calleja,rcalleja2n@istockphoto.com,Female
97,Silvan,Lago,slago2o@de.vu,Male
98,Sampson,Rodder,srodder2p@pcworld.com,Male
99,Dylan,Deakan,ddeakan2q@sitemeter.com,Male
100,Boothe,McMurtyr,bmcmurtyr2r@pbs.org,Male
101,Brose,Browse,bbrowse2s@privacy.gov.au,Male
102,Janeen,Burdytt,jburdytt2t@jiathis.com,Female
103,Juline,Arthur,jarthur2u@slate.com,Female
104,Thurstan,Mandry,tmandry2v@prweb.com,Male
105,Randa,Tremble,rtremble2w@wired.com,Female
106,Matt,Scullion,mscullion2x@hibu.com,Male
107,Quinton,Knolles-Green,qknollesgreen2y@whitehouse.gov,Male
108,Myrtia,Ubach,mubach2z@cpanel.net,Female
109,Lenka,Jimes,ljimes30@furl.net,Female
110,Innis,Jarman,ijarman31@youku.com,Male
111,Nady,Worland,nworland32@indiatimes.com,Female
112,Max,Bottrill,mbottrill33@amazon.co.jp,Female
113,Avrit,Aphale,aaphale34@nasa.gov,Female
114,Danica,Davidai,ddavidai35@apache.org,Female
115,Torin,Pariso,tpariso36@springer.com,Male
116,Floyd,Pixton,fpixton37@ftc.gov,Male
117,Sandra,Mougeot,smougeot38@altervista.org,Female
118,Ruthy,Coller,rcoller39@flickr.com,Female
119,Barclay,Bull,bbull3a@nature.com,Male
120,Catha,Raffels,craffels3b@amazon.de,Female
121,Karalee,Mettrick,kmettrick3c@spotify.com,Female
122,Phelia,Braxay,pbraxay3d@google.com.au,Female
123,Tulley,Guilaem,tguilaem3e@geocities.jp,Male
124,My,Joffe,mjoffe3f@wordpress.com,Male
125,Ulrick,Nan Carrow,unancarrow3g@odnoklassniki.ru,Male
126,Marlow,Ryles,mryles3h@who.int,Male
127,Kristy,Mecco,kmecco3i@imdb.com,Female
128,Elfrida,Rielly,erielly3j@tinypic.com,Female
129,Arvin,Geer,ageer3k@drupal.org,Male
130,Lay,Koche,lkoche3l@tripadvisor.com,Male
131,Toiboid,Beausang,tbeausang3m@networkadvertising.org,Male
132,Val,Keegan,vkeegan3n@umich.edu,Male
133,Dorita,Birkin,dbirkin3o@reddit.com,Female
134,Weston,Weeks,wweeks3p@dion.ne.jp,Male
135,Leigha,Viel,lviel3q@joomla.org,Female
136,Aila,Annetts,aannetts3r@umn.edu,Female
137,Adelbert,McLucky,amclucky3s@wunderground.com,Male
138,Reid,Challicum,rchallicum3t@springer.com,Male
139,Niki,Behnecke,nbehnecke3u@upenn.edu,Male
140,Ailina,Barendtsen,abarendtsen3v@chicagotribune.com,Female
141,Dawn,Ledbury,dledbury3w@flickr.com,Female
142,Pia,Daffern,pdaffern3x@friendfeed.com,Female
143,Cathrin,Libbie,clibbie3y@furl.net,Female
144,Lemmie,Digman,ldigman3z@desdev.cn,Male
145,Bruis,Tanser,btanser40@wikimedia.org,Male
146,Jacintha,Reisenberg,jreisenberg41@so-net.ne.jp,Female
147,Ethelbert,Patington,epatington42@etsy.com,Male
148,Arnie,Rosina,arosina43@w3.org,Male
149,Sibeal,Belfrage,sbelfrage44@biglobe.ne.jp,Female
150,Huntley,Streets,hstreets45@google.com.au,Male
151,Kendell,Verty,kverty46@google.it,Male
152,Calhoun,Butting,cbutting47@archive.org,Male
153,Laureen,Arlott,larlott48@google.ru,Female
154,Roxane,Watkiss,rwatkiss49@usatoday.com,Female
155,Abramo,Astbury,aastbury4a@amazon.co.uk,Male
156,Gar,Burrel,gburrel4b@zdnet.com,Male
157,Kamillah,Reilinger,kreilinger4c@over-blog.com,Female
158,Lina,McPartlin,lmcpartlin4d@oaic.gov.au,Female
159,Dunn,Neenan,dneenan4e@elpais.com,Male
160,Drud,Pedrol,dpedrol4f@shareasale.com,Male
161,Eulalie,Garnson,egarnson4g@sun.com,Female
162,Christie,felip,cfelip4h@gizmodo.com,Male
163,Keriann,Norkett,knorkett4i@bing.com,Female
164,Fran,Asplen,fasplen4j@archive.org,Male
165,Nissa,O'Cannon,nocannon4k@live.com,Female
166,Eveline,MacAdie,emacadie4l@pagesperso-orange.fr,Female
167,Moreen,Goldfinch,mgoldfinch4m@sbwire.com,Female
168,Patric,Reder,preder4n@ca.gov,Male
169,Deeann,Mancell,dmancell4o@opera.com,Female
170,Cass,Danieli,cdanieli4p@noaa.gov,Male
171,Nicki,O'Crigane,nocrigane4q@chron.com,Female
172,Harmon,Farreil,hfarreil4r@woothemes.com,Male
173,Mercy,Erswell,merswell4s@va.gov,Female
174,Tadio,Borris,tborris4t@toplist.cz,Male
175,Carroll,Leppo,cleppo4u@ebay.co.uk,Female
176,Kleon,Hoofe,khoofe4v@dyndns.org,Male
177,Rinaldo,Sugge,rsugge4w@wikimedia.org,Male
178,Benji,Cornelius,bcornelius4x@nhs.uk,Male
179,Marrilee,Ingleson,mingleson4y@latimes.com,Female
180,Stillman,Preon,spreon4z@alexa.com,Male
181,Jedd,Lindup,jlindup50@gravatar.com,Male
182,Evelyn,Brackpool,ebrackpool51@dion.ne.jp,Female
183,Ester,Saffon,esaffon52@cbslocal.com,Female
184,Lebbie,Saggs,lsaggs53@msn.com,Female
185,Uta,Hawkin,uhawkin54@google.cn,Female
186,Uri,Snibson,usnibson55@taobao.com,Male
187,Kayley,Heasly,kheasly56@trellian.com,Female
188,Vernor,Millward,vmillward57@google.nl,Male
189,Hally,Macilhench,hmacilhench58@mayoclinic.com,Female
190,Fonsie,Harbar,fharbar59@amazon.de,Male
191,Philly,Carberry,pcarberry5a@skype.com,Female
192,Erinna,Morling,emorling5b@rediff.com,Female
193,Corny,Cess,ccess5c@google.com.au,Female
194,Zane,MacCosto,zmaccosto5d@sourceforge.net,Male
195,Frederich,Kenafaque,fkenafaque5e@parallels.com,Male
196,Ilyssa,O'Sullivan,iosullivan5f@vkontakte.ru,Female
197,Channa,Jagielski,cjagielski5g@sourceforge.net,Female
198,Vivyanne,Kynvin,vkynvin5h@webs.com,Female
199,Franky,Glasbey,fglasbey5i@wix.com,Female
200,Neile,Willmetts,nwillmetts5j@omniture.com,Female
201,Germain,MacGillicuddy,gmacgillicuddy5k@samsung.com,Male
202,Washington,Borzone,wborzone5l@nyu.edu,Male
203,Tiffani,Grieve,tgrieve5m@ow.ly,Female
204,Nicolas,Breeton,nbreeton5n@intel.com,Male
205,Piper,Carluccio,pcarluccio5o@adobe.com,Female
206,Virgie,Hawtrey,vhawtrey5p@webs.com,Male
207,Neil,De Bell,ndebell5q@w3.org,Male
208,Aeriel,Dumbrill,adumbrill5r@free.fr,Female
209,Leila,Londing,llonding5s@hibu.com,Female
210,Duky,Bratch,dbratch5t@oaic.gov.au,Male
211,Carly,Davidescu,cdavidescu5u@istockphoto.com,Male
212,Sile,Rohmer,srohmer5v@hao123.com,Female
213,Nat,Turton,nturton5w@toplist.cz,Female
214,Gar,Kunisch,gkunisch5x@theatlantic.com,Male
215,Ainslie,Smitheram,asmitheram5y@csmonitor.com,Female
216,Kippar,Warmisham,kwarmisham5z@ehow.com,Male
217,Osmond,Crooke,ocrooke60@theguardian.com,Male
218,Davide,Woolston,dwoolston61@mlb.com,Male
219,Gordan,Lambrick,glambrick62@surveymonkey.com,Male
220,Keslie,Warnock,kwarnock63@arizona.edu,Female
221,Faulkner,Divers,fdivers64@nymag.com,Male
222,Arliene,Garrold,agarrold65@elpais.com,Female
223,Gustavo,Mee,gmee66@parallels.com,Male
224,Becka,Ace,bace67@paginegialle.it,Female
225,Pattie,Stockdale,pstockdale68@baidu.com,Female
226,Shellie,Beckers,sbeckers69@macromedia.com,Female
227,Pierce,Barbe,pbarbe6a@earthlink.net,Male
228,Oralie,Crat,ocrat6b@jalbum.net,Female
229,Arvin,Anthiftle,aanthiftle6c@indiatimes.com,Male
230,Lutero,Allmen,lallmen6d@a8.net,Male
231,Aymer,Klaes,aklaes6e@imdb.com,Male
232,Carri,Ginty,cginty6f@hatena.ne.jp,Female
233,Jeff,Kollaschek,jkollaschek6g@webs.com,Male
234,Merwin,Casarili,mcasarili6h@reverbnation.com,Male
235,Andy,Maciaszek,amaciaszek6i@barnesandnoble.com,Male
236,Zachary,Klulisek,zklulisek6j@opensource.org,Male
237,Rorie,McPeice,rmcpeice6k@blogger.com,Female
238,Babita,Goldsworthy,bgoldsworthy6l@nasa.gov,Female
239,Kyle,Serfati,kserfati6m@ezinearticles.com,Male
240,Ebeneser,Muckleston,emuckleston6n@xrea.com,Male
241,Pepito,Moloney,pmoloney6o@arizona.edu,Male
242,Tally,Poge,tpoge6p@accuweather.com,Male
243,Cyrus,Raynton,craynton6q@shop-pro.jp,Male
244,Bea,Gritland,bgritland6r@reuters.com,Female
245,Orlan,Crebott,ocrebott6s@epa.gov,Male
246,Mikel,Huddleston,mhuddleston6t@mozilla.org,Male
247,Angel,Jaksic,ajaksic6u@flavors.me,Female
248,Betteann,Gillcrist,bgillcrist6v@phoca.cz,Female
249,Lewie,MacTrustrie,lmactrustrie6w@xrea.com,Male
250,Wanda,Styles,wstyles6x@illinois.edu,Female
251,Parrnell,Mettericke,pmettericke6y@ucla.edu,Male
252,Travers,Thorouggood,tthorouggood6z@epa.gov,Male
253,Giacobo,Pluvier,gpluvier70@fda.gov,Male
254,Katie,Cristofano,kcristofano71@cisco.com,Female
255,Lorrie,McKinlay,lmckinlay72@mozilla.org,Female
256,Richmound,Haseley,rhaseley73@gnu.org,Male
257,Merell,O'Hdirscoll,mohdirscoll74@upenn.edu,Male
258,Christiane,Southby,csouthby75@prweb.com,Female
259,Adella,Filkin,afilkin76@phpbb.com,Female
260,Theadora,Haselhurst,thaselhurst77@tripod.com,Female
261,Jamey,Osbaldstone,josbaldstone78@dedecms.com,Male
262,Wake,Daouse,wdaouse79@adobe.com,Male
263,Baudoin,Manchester,bmanchester7a@sfgate.com,Male
264,Dulciana,Caiger,dcaiger7b@nyu.edu,Female
265,Abbot,Crossthwaite,acrossthwaite7c@amazonaws.com,Male
266,Hinze,Tibalt,htibalt7d@hud.gov,Male
267,Kristopher,Brome,kbrome7e@feedburner.com,Male
268,Pembroke,Vezey,pvezey7f@economist.com,Male
269,Isidor,McCard,imccard7g@tumblr.com,Male
270,Inessa,Bresman,ibresman7h@hugedomains.com,Female
271,Jayne,Sikorski,jsikorski7i@t.co,Female
272,Elwira,Jakobsson,ejakobsson7j@wp.com,Female
273,Lonnie,Fishly,lfishly7k@unblog.fr,Male
274,Ethelbert,Fereday,efereday7l@tiny.cc,Male
275,Cass,Bramsen,cbramsen7m@cyberchimps.com,Male
276,Enid,Craigmyle,ecraigmyle7n@yandex.ru,Female
277,Katya,Antonnikov,kantonnikov7o@hugedomains.com,Female
278,Eleanor,Monro,emonro7p@gmpg.org,Female
279,Gregoor,Naisey,gnaisey7q@taobao.com,Male
280,Mendel,Guilloud,mguilloud7r@delicious.com,Male
281,Sophey,Payze,spayze7s@upenn.edu,Female
282,Guntar,Muskett,gmuskett7t@blogger.com,Male
283,Avram,Greeve,agreeve7u@trellian.com,Male
284,Edvard,Johnys,ejohnys7v@prweb.com,Male
285,Somerset,Atherton,satherton7w@va.gov,Male
286,Megan,Banyard,mbanyard7x@bbc.co.uk,Female
287,Allyce,Wilflinger,awilflinger7y@epa.gov,Female
288,Chan,Chene,cchene7z@foxnews.com,Male
289,Alister,Pettit,apettit80@chronoengine.com,Male
290,Mick,Harcombe,mharcombe81@unc.edu,Male
291,Britt,Russan,brussan82@webnode.com,Female
292,Kippie,Stendall,kstendall83@indiegogo.com,Male
293,Barri,Learmonth,blearmonth84@weibo.com,Male
294,Jillana,Colgrave,jcolgrave85@wsj.com,Female
295,Catlee,Verzey,cverzey86@guardian.co.uk,Female
296,Neille,Stedson,nstedson87@ibm.com,Female
297,Raimondo,Speeks,rspeeks88@columbia.edu,Male
298,Feodora,Schwandermann,fschwandermann89@phpbb.com,Female
299,Galen,Cargill,gcargill8a@dmoz.org,Male
300,Cristine,Pitman,cpitman8b@gizmodo.com,Female
301,Ardine,Bowditch,abowditch8c@nasa.gov,Female
302,Maryanne,Hartland,mhartland8d@soup.io,Female
303,Fairleigh,Ruffle,fruffle8e@twitter.com,Male
304,Raeann,Barajas,rbarajas8f@disqus.com,Female
305,Dacy,Bugge,dbugge8g@shutterfly.com,Female
306,Fairlie,Van den Hof,fvandenhof8h@rambler.ru,Male
307,Amandi,Downes,adownes8i@alibaba.com,Female
308,Nanny,Margrie,nmargrie8j@webeden.co.uk,Female
309,Federica,Janse,fjanse8k@multiply.com,Female
310,Jan,Pude,jpude8l@trellian.com,Female
311,Suzanna,Choulerton,schoulerton8m@merriam-webster.com,Female
312,Willow,Playle,wplayle8n@squidoo.com,Female
313,Dorris,Kerby,dkerby8o@si.edu,Female
314,Joyann,Howship,jhowship8p@opensource.org,Female
315,Algernon,Broadbury,abroadbury8q@parallels.com,Male
316,Lindon,Cluff,lcluff8r@ustream.tv,Male
317,Cal,Junes,cjunes8s@joomla.org,Female
318,Isahella,Borzone,iborzone8t@mysql.com,Female
319,Verene,Johnson,vjohnson8u@umn.edu,Female
320,Abigale,Anelay,aanelay8v@whitehouse.gov,Female
321,Ernesto,Kingaby,ekingaby8w@tiny.cc,Male
322,Lindy,Cains,lcains8x@latimes.com,Male
323,Vikky,Gartshore,vgartshore8y@themeforest.net,Female
324,Rad,McCritchie,rmccritchie8z@shutterfly.com,Male
325,Paco,Bonnar,pbonnar90@chron.com,Male
326,Ezequiel,Flisher,eflisher91@mashable.com,Male
327,Bridget,Liepins,bliepins92@pagesperso-orange.fr,Female
328,Elisha,Ovitts,eovitts93@admin.ch,Male
329,Cullie,Gregorin,cgregorin94@indiatimes.com,Male
330,Marty,Magson,mmagson95@friendfeed.com,Male
331,Edeline,Sirmond,esirmond96@ehow.com,Female
332,Mahala,Bullers,mbullers97@bigcartel.com,Female
333,Hugibert,Lyvon,hlyvon98@bbc.co.uk,Male
334,Jamill,Hinkens,jhinkens99@google.nl,Male
335,Christophe,Artus,cartus9a@prweb.com,Male
336,Zacharie,Cicchetto,zcicchetto9b@ask.com,Male
337,John,Purchall,jpurchall9c@patch.com,Male
338,Karla,Danelut,kdanelut9d@macromedia.com,Female
339,Max,Hargitt,mhargitt9e@ucsd.edu,Male
340,Bordie,Carman,bcarman9f@ameblo.jp,Male
341,Berri,Peer,bpeer9g@canalblog.com,Female
342,Briant,Casaccia,bcasaccia9h@google.nl,Male
343,Marion,Findlow,mfindlow9i@ebay.co.uk,Male
344,Maryanne,Muriel,mmuriel9j@dion.ne.jp,Female
345,Rosco,Ebhardt,rebhardt9k@forbes.com,Male
346,James,Hosby,jhosby9l@statcounter.com,Male
347,Miner,Mollitt,mmollitt9m@angelfire.com,Male
348,Karoly,Kleuer,kkleuer9n@jiathis.com,Female
349,Tamra,Udey,tudey9o@stumbleupon.com,Female
350,Herb,Cubberley,hcubberley9p@illinois.edu,Male
351,Sander,Breckenridge,sbreckenridge9q@springer.com,Male
352,Blinni,Evason,bevason9r@liveinternet.ru,Female
353,Car,Durham,cdurham9s@kickstarter.com,Male
354,Denver,Thomassin,dthomassin9t@canalblog.com,Male
355,Myron,Ondricek,mondricek9u@deliciousdays.com,Male
356,Annmaria,Guiver,aguiver9v@opensource.org,Female
357,Arne,Chellam,achellam9w@howstuffworks.com,Male
358,Margalit,Airs,mairs9x@cbsnews.com,Female
359,Rolfe,Gosson,rgosson9y@ca.gov,Male
360,Wendie,Emmer,wemmer9z@nytimes.com,Female
361,Deeanne,Stabbins,dstabbinsa0@house.gov,Female
362,Berk,Guiett,bguietta1@weebly.com,Male
363,Antonino,Bydaway,abydawaya2@tinyurl.com,Male
364,Bunnie,De Pero,bdeperoa3@furl.net,Female
365,Jammal,Hallin,jhallina4@deviantart.com,Male
366,Maighdiln,Rope,mropea5@drupal.org,Female
367,Salomi,Kerins,skerinsa6@blogger.com,Female
368,Romain,Mantione,rmantionea7@amazon.co.uk,Male
369,Shawna,Bartke,sbartkea8@google.com.hk,Female
370,Patty,Vasyutin,pvasyutina9@live.com,Male
371,Adrian,Gaffon,agaffonaa@amazonaws.com,Female
372,Rivkah,Porcher,rporcherab@mozilla.org,Female
373,Andre,Larchiere,alarchiereac@dyndns.org,Male
374,Antonin,Greder,agrederad@biglobe.ne.jp,Male
375,Manolo,Riep,mriepae@answers.com,Male
376,Grover,Moakson,gmoaksonaf@goo.ne.jp,Male
377,Danika,Powlett,dpowlettag@princeton.edu,Female
378,Gran,D'Alessio,gdalessioah@nature.com,Male
379,Maryjane,Couroy,mcouroyai@accuweather.com,Female
380,Paige,Debnam,pdebnamaj@paypal.com,Female
381,Fina,McOmish,fmcomishak@cocolog-nifty.com,Female
382,Pat,Duckering,pduckeringal@360.cn,Female
383,Aila,Kinmond,akinmondam@technorati.com,Female
384,Davide,Purdy,dpurdyan@addthis.com,Male
385,Candide,Polye,cpolyeao@springer.com,Female
386,Merle,Richley,mrichleyap@tmall.com,Female
387,Ellwood,Stannus,estannusaq@mysql.com,Male
388,Hillary,Scotter,hscotterar@disqus.com,Female
389,Thorn,Cashen,tcashenas@issuu.com,Male
390,Alison,Spelwood,aspelwoodat@vimeo.com,Female
391,Talya,Swatten,tswattenau@mozilla.org,Female
392,Marci,Gosswell,mgosswellav@unesco.org,Female
393,Cristobal,Larkworthy,clarkworthyaw@privacy.gov.au,Male
394,Ravi,Pedreschi,rpedreschiax@youtu.be,Male
395,Harold,Babar,hbabaray@instagram.com,Male
396,Jayne,Baseggio,jbaseggioaz@360.cn,Female
397,Jobie,Bambra,jbambrab0@qq.com,Female
398,Amandie,Rubega,arubegab1@comcast.net,Female
399,Aldin,Dundridge,adundridgeb2@cargocollective.com,Male
400,Billi,Dahill,bdahillb3@cbslocal.com,Female
401,Clemente,Redholls,credhollsb4@mapquest.com,Male
402,Vic,Peyton,vpeytonb5@devhub.com,Male
403,Glendon,Rich,grichb6@shop-pro.jp,Male
404,Jacky,Dury,jduryb7@taobao.com,Male
405,Timi,Beaven,tbeavenb8@elpais.com,Female
406,Rodge,Hillborne,rhillborneb9@slashdot.org,Male
407,Douglass,Beasant,dbeasantba@vkontakte.ru,Male
408,Claire,Laimable,claimablebb@seesaa.net,Male
409,Nero,Bangham,nbanghambc@bbb.org,Male
410,Arabelle,Harrald,aharraldbd@china.com.cn,Female
411,Demetri,Neighbour,dneighbourbe@cloudflare.com,Male
412,Keith,Jeannon,kjeannonbf@archive.org,Male
413,Jed,Alsina,jalsinabg@blogs.com,Male
414,Pauletta,Tripean,ptripeanbh@goodreads.com,Female
415,Norene,Seyfart,nseyfartbi@smugmug.com,Female
416,Ivar,Counsell,icounsellbj@house.gov,Male
417,Isidro,Duchart,iduchartbk@w3.org,Male
418,Margarette,Ilyenko,milyenkobl@livejournal.com,Female
419,Shellysheldon,Stoggles,sstogglesbm@abc.net.au,Male
420,Chet,Fassman,cfassmanbn@miitbeian.gov.cn,Male
421,Briana,MacCoughan,bmaccoughanbo@cbsnews.com,Female
422,Raphaela,Syder,rsyderbp@blogtalkradio.com,Female
423,Berke,Cheales,bchealesbq@over-blog.com,Male
424,Wallas,Jelphs,wjelphsbr@blogspot.com,Male
425,Xerxes,Risebrow,xrisebrowbs@canalblog.com,Male
426,Adelind,Scurrer,ascurrerbt@aboutads.info,Female
427,Stevy,Favel,sfavelbu@nydailynews.com,Male
428,Ariel,Wethey,awetheybv@ezinearticles.com,Male
429,Karlene,St. Queintain,kstqueintainbw@parallels.com,Female
430,Gilemette,Jemison,gjemisonbx@nbcnews.com,Female
431,Patrizius,McLaughlin,pmclaughlinby@independent.co.uk,Male
432,Alina,Dellenty,adellentybz@ibm.com,Female
433,Meridith,Aidler,maidlerc0@netvibes.com,Female
434,Veronike,Gruczka,vgruczkac1@rediff.com,Female
435,Margot,Guerrieri,mguerrieric2@alibaba.com,Female
436,Rosamund,Goldsbury,rgoldsburyc3@imageshack.us,Female
437,Abbye,Sam,asamc4@yolasite.com,Female
438,Sonnie,Preskett,spreskettc5@fc2.com,Male
439,Gian,Mongan,gmonganc6@google.ca,Male
440,Ethan,Tie,etiec7@gmpg.org,Male
441,Daphne,Pettingill,dpettingillc8@reference.com,Female
442,Rey,Dougary,rdougaryc9@bravesites.com,Male
443,Byrom,Ackred,backredca@europa.eu,Male
444,Reinold,Walstow,rwalstowcb@github.com,Male
445,Emmalee,Pickston,epickstoncc@ezinearticles.com,Female
446,Quintus,Sonner,qsonnercd@yolasite.com,Male
447,Raine,Pichmann,rpichmannce@timesonline.co.uk,Female
448,Bartholomeo,Hanhart,bhanhartcf@sitemeter.com,Male
449,Boyce,Blakely,bblakelycg@cmu.edu,Male
450,Margareta,Tonks,mtonksch@soundcloud.com,Female
451,Franchot,Wycherley,fwycherleyci@berkeley.edu,Male
452,Gallagher,Allaway,gallawaycj@weebly.com,Male
453,Theodor,Hebborn,thebbornck@unblog.fr,Male
454,Nicolea,Tewkesberrie,ntewkesberriecl@123-reg.co.uk,Female
455,Hastings,Poller,hpollercm@fc2.com,Male
456,Debera,Rame,dramecn@mediafire.com,Female
457,Karon,Roderigo,kroderigoco@google.ru,Female
458,Daren,Dietzler,ddietzlercp@nature.com,Male
459,Gay,Matanin,gmatanincq@cloudflare.com,Female
460,Sibel,Letteresse,sletteressecr@wordpress.com,Female
461,Bernhard,Kelling,bkellingcs@nbcnews.com,Male
462,Jimmy,Lindop,jlindopct@t-online.de,Male
463,Kass,Ivanchov,kivanchovcu@multiply.com,Female
464,Loella,Paylor,lpaylorcv@bluehost.com,Female
465,Barclay,Heiss,bheisscw@ca.gov,Male
466,Almeda,Tribell,atribellcx@reddit.com,Female
467,Rhys,Cavie,rcaviecy@deliciousdays.com,Male
468,Sharyl,Wooles,swoolescz@ameblo.jp,Female
469,Piotr,Gourlie,pgourlied0@cyberchimps.com,Male
470,Cristin,Bolmann,cbolmannd1@blogger.com,Female
471,Christoph,Popeley,cpopeleyd2@shutterfly.com,Male
472,Zedekiah,Donizeau,zdonizeaud3@tmall.com,Male
473,Collie,Altofts,caltoftsd4@about.me,Female
474,Gracie,Hacquard,ghacquardd5@google.ca,Female
475,Simone,Rapson,srapsond6@patch.com,Male
476,Neilla,Navaro,nnavarod7@blinklist.com,Female
477,Karine,Calltone,kcalltoned8@youtube.com,Female
478,Rosabel,Rediers,rrediersd9@mashable.com,Female
479,Julie,Pettwood,jpettwoodda@huffingtonpost.com,Male
480,Chrissie,Kornousek,ckornousekdb@army.mil,Male
481,Allie,Kynson,akynsondc@cornell.edu,Male
482,Hansiain,Lillow,hlillowdd@flickr.com,Male
483,Davis,Shawley,dshawleyde@ucsd.edu,Male
484,Devy,Gillice,dgillicedf@shinystat.com,Male
485,Patrice,Cinelli,pcinellidg@usatoday.com,Male
486,Diena,Mattedi,dmattedidh@exblog.jp,Female
487,Sarene,Edmeads,sedmeadsdi@yale.edu,Female
488,Carleen,Arrigo,carrigodj@boston.com,Female
489,Frayda,Butters,fbuttersdk@nih.gov,Female
490,Lory,Purves,lpurvesdl@stumbleupon.com,Female
491,Lari,McColl,lmccolldm@toplist.cz,Female
492,Mitchell,Deaconson,mdeaconsondn@mapy.cz,Male
493,Germain,Blumsom,gblumsomdo@sciencedirect.com,Male
494,Leonie,Crandon,lcrandondp@reference.com,Female
495,Rufus,Bulcock,rbulcockdq@nsw.gov.au,Male
496,Alain,Lockyear,alockyeardr@princeton.edu,Male
497,Hattie,Strongitharm,hstrongitharmds@woothemes.com,Female
498,Arlyn,McMychem,amcmychemdt@vinaora.com,Female
499,Pyotr,Broadbent,pbroadbentdu@ehow.com,Male
500,Eduard,Linsley,elinsleydv@rambler.ru,Male
501,Mallissa,Cyples,mcyplesdw@clickbank.net,Female
502,Pearla,Vida,pvidadx@dagondesign.com,Female
503,Yuma,Von Welden,yvonweldendy@ow.ly,Male
504,Paule,Axup,paxupdz@bluehost.com,Female
505,Natale,Struis,nstruise0@instagram.com,Male
506,Allyce,Slator,aslatore1@umich.edu,Female
507,Barbabas,Vaadeland,bvaadelande2@mysql.com,Male
508,Jarad,Foulks,jfoulkse3@odnoklassniki.ru,Male
509,Sissie,Burgyn,sburgyne4@slashdot.org,Female
510,Bettine,Morfield,bmorfielde5@stumbleupon.com,Female
511,Sadye,Langsbury,slangsburye6@bing.com,Female
512,Frayda,Hatcher,fhatchere7@cnn.com,Female
513,Bernete,Widdison,bwiddisone8@booking.com,Female
514,Susana,Paler,spalere9@amazon.co.uk,Female
515,Godart,Searchfield,gsearchfieldea@sourceforge.net,Male
516,Issy,Dimitriades,idimitriadeseb@cnet.com,Female
517,Dan,Waliszek,dwaliszekec@time.com,Male
518,Chlo,Borne,cborneed@cbslocal.com,Female
519,Katina,Reckus,kreckusee@springer.com,Female
520,Delmer,Gladstone,dgladstoneef@51.la,Male
521,Stanly,Dedon,sdedoneg@elegantthemes.com,Male
522,Alexei,Monkeman,amonkemaneh@bluehost.com,Male
523,Vlad,Bernardino,vbernardinoei@simplemachines.org,Male
524,Fransisco,Philcox,fphilcoxej@imageshack.us,Male
525,Justinn,Nanson,jnansonek@gmpg.org,Female
526,Arleyne,Flewett,aflewettel@washingtonpost.com,Female
527,Cheston,Filgate,cfilgateem@slashdot.org,Male
528,Rachelle,Imeson,rimesonen@last.fm,Female
529,Egon,Cuffley,ecuffleyeo@people.com.cn,Male
530,Petunia,Greenleaf,pgreenleafep@wikimedia.org,Female
531,Kirbie,Capron,kcaproneq@ocn.ne.jp,Female
532,Tann,Bricham,tbrichamer@joomla.org,Male
533,Jermayne,Dallaghan,jdallaghanes@imdb.com,Male
534,Sophronia,Greetham,sgreethamet@qq.com,Female
535,Delinda,Willden,dwilldeneu@amazonaws.com,Female
536,Jodie,Braun,jbraunev@springer.com,Male
537,Ada,Pulley,apulleyew@nydailynews.com,Female
538,Gerrie,Eckels,geckelsex@patch.com,Male
539,Britt,Hoggan,bhogganey@parallels.com,Male
540,Gabriel,Kirke,gkirkeez@oracle.com,Female
541,Ina,Masi,imasif0@ted.com,Female
542,Rand,Hansod,rhansodf1@gizmodo.com,Male
543,Barbette,Tchaikovsky,btchaikovskyf2@ft.com,Female
544,Carson,Dyball,cdyballf3@java.com,Male
545,Mina,Loynes,mloynesf4@cyberchimps.com,Female
546,Marybelle,Degan,mdeganf5@i2i.jp,Female
547,Linn,Lumber,llumberf6@cisco.com,Male
548,Fred,Bucklee,fbuckleef7@opensource.org,Male
549,Preston,Brierley,pbrierleyf8@microsoft.com,Male
550,Homere,Bisatt,hbisattf9@sourceforge.net,Male
551,Port,Slocum,pslocumfa@technorati.com,Male
552,Rachele,Privost,rprivostfb@marketwatch.com,Female
553,Gabi,Sterrick,gsterrickfc@netvibes.com,Female
554,Wakefield,Skain,wskainfd@yelp.com,Male
555,Jeanna,Jerke,jjerkefe@google.pl,Female
556,Sander,Jozef,sjozefff@dyndns.org,Male
557,Jamey,Chaney,jchaneyfg@wsj.com,Male
558,Lanita,Ouldcott,louldcottfh@blogspot.com,Female
559,Kim,Spaight,kspaightfi@google.cn,Male
560,Morganne,Sutterby,msutterbyfj@goo.ne.jp,Female
561,Nealy,Aymes,naymesfk@oaic.gov.au,Male
562,Ollie,Phillipps,ophillippsfl@amazon.co.uk,Female
563,Conroy,Haley,chaleyfm@cpanel.net,Male
564,Andree,Foulis,afoulisfn@amazon.de,Female
565,Linet,Rainsden,lrainsdenfo@abc.net.au,Female
566,Rudie,Snoxall,rsnoxallfp@taobao.com,Male
567,Lottie,Booij,lbooijfq@mail.ru,Female
568,Isacco,Dowderswell,idowderswellfr@google.de,Male
569,Jorrie,Aleksahkin,jaleksahkinfs@ezinearticles.com,Female
570,Martino,Ravenscroftt,mravenscrofttft@qq.com,Male
571,Phineas,Stoodley,pstoodleyfu@geocities.com,Male
572,Calla,Espinos,cespinosfv@privacy.gov.au,Female
573,Templeton,Stubbert,tstubbertfw@amazon.co.uk,Male
574,Guthrey,Headon,gheadonfx@bing.com,Male
575,Annis,Bardnam,abardnamfy@hexun.com,Female
576,Linn,Rosencwaig,lrosencwaigfz@sogou.com,Male
577,Flossie,Scully,fscullyg0@t.co,Female
578,Camille,Lifsey,clifseyg1@weebly.com,Female
579,Lin,Mabe,lmabeg2@dailymotion.com,Male
580,Teodoro,O' Ronan,toronang3@imageshack.us,Male
581,Gerrie,Bastin,gbasting4@bloglines.com,Female
582,Sonny,Dinneges,sdinnegesg5@taobao.com,Male
583,Fred,Kesten,fkesteng6@squarespace.com,Female
584,Crin,Wasmer,cwasmerg7@fda.gov,Female
585,Tedie,Isabell,tisabellg8@soup.io,Male
586,Jessalin,Kinloch,jkinlochg9@who.int,Female
587,Cathe,Probbin,cprobbinga@berkeley.edu,Female
588,Ray,Clyde,rclydegb@bluehost.com,Female
589,Natalie,Philippart,nphilippartgc@biglobe.ne.jp,Female
590,Arvie,Luetchford,aluetchfordgd@sitemeter.com,Male
591,Anabelle,Crockford,acrockfordge@constantcontact.com,Female
592,Flory,Rawsthorn,frawsthorngf@hp.com,Male
593,Lorin,Gideon,lgideongg@gizmodo.com,Male
594,Ernie,Liversley,eliversleygh@elpais.com,Male
595,Legra,Skitch,lskitchgi@seesaa.net,Female
596,Evvy,Maker,emakergj@cloudflare.com,Female
597,Geno,Putterill,gputterillgk@netscape.com,Male
598,Tedi,Hildrew,thildrewgl@cnbc.com,Female
599,Riva,Ringe,rringegm@dedecms.com,Female
600,Marsiella,Veltmann,mveltmanngn@usgs.gov,Female
601,Lynsey,Flaunier,lflauniergo@wunderground.com,Female
602,Conant,Hewins,chewinsgp@nifty.com,Male
603,Christalle,Salzberg,csalzberggq@w3.org,Female
604,Dennison,Kayzer,dkayzergr@blinklist.com,Male
605,Jenelle,MacTeggart,jmacteggartgs@samsung.com,Female
606,Devora,Bein,dbeingt@usda.gov,Female
607,Dominik,Killock,dkillockgu@hubpages.com,Male
608,Donny,Siggee,dsiggeegv@msu.edu,Male
609,Westbrooke,Holt,wholtgw@aol.com,Male
610,Van,Simmon,vsimmongx@netscape.com,Female
611,Moyna,Splevins,msplevinsgy@tripadvisor.com,Female
612,Marcelline,Andren,mandrengz@dot.gov,Female
613,Goldie,Temblett,gtembletth0@ucsd.edu,Female
614,Boyd,Adhams,badhamsh1@sourceforge.net,Male
615,Stacey,Carnihan,scarnihanh2@ucoz.com,Female
616,Frazer,Perle,fperleh3@hexun.com,Male
617,Nils,Byrch,nbyrchh4@jugem.jp,Male
618,Ginger,Pepineaux,gpepineauxh5@yellowpages.com,Female
619,Ofella,Lepope,olepopeh6@nih.gov,Female
620,Leonore,Delahunty,ldelahuntyh7@tripod.com,Female
621,Sayre,Suffe,ssuffeh8@pcworld.com,Female
622,Mil,Emanulsson,memanulssonh9@scribd.com,Female
623,Tulley,Charpling,tcharplingha@cmu.edu,Male
624,Denyse,Toohey,dtooheyhb@home.pl,Female
625,Kenyon,O'Kennavain,kokennavainhc@hubpages.com,Male
626,Amy,Terese,ateresehd@vistaprint.com,Female
627,Melessa,Brigdale,mbrigdalehe@acquirethisname.com,Female
628,Cesya,Peto,cpetohf@ucla.edu,Female
629,Garret,Zimmermanns,gzimmermannshg@cnbc.com,Male
630,Josi,Thaim,jthaimhh@hc360.com,Female
631,Tye,Swafield,tswafieldhi@comsenz.com,Male
632,Janene,Kendred,jkendredhj@wix.com,Female
633,Flem,Clewes,fcleweshk@gov.uk,Male
634,Goldi,Paulet,gpaulethl@acquirethisname.com,Female
635,Pattin,Ousbie,pousbiehm@indiegogo.com,Male
636,Cello,Escudier,cescudierhn@lulu.com,Male
637,Patrice,Swatman,pswatmanho@blogs.com,Male
638,Nancy,Sexten,nsextenhp@yahoo.com,Female
639,Blithe,Rainton,braintonhq@creativecommons.org,Female
640,Danice,Obal,dobalhr@businessinsider.com,Female
641,Alyse,Ingolotti,aingolottihs@bloglovin.com,Female
642,Pattie,Lancastle,plancastleht@barnesandnoble.com,Male
643,Leslie,Shane,lshanehu@imageshack.us,Male
644,Jeremie,Cirlos,jcirloshv@mashable.com,Male
645,Chantal,Kiljan,ckiljanhw@tamu.edu,Female
646,Dana,Feely,dfeelyhx@live.com,Male
647,Ingaberg,Djekovic,idjekovichy@msu.edu,Female
648,Thorsten,Scay,tscayhz@hao123.com,Male
649,Hollie,Tillett,htilletti0@businesswire.com,Female
650,Keri,Willden,kwilldeni1@adobe.com,Female
651,Moira,Prestedge,mprestedgei2@bloglines.com,Female
652,Tris,Thripp,tthrippi3@google.cn,Male
653,Coral,Turley,cturleyi4@example.com,Female
654,Gusti,Dommersen,gdommerseni5@stumbleupon.com,Female
655,Victoir,McGebenay,vmcgebenayi6@woothemes.com,Male
656,Hebert,Weaben,hweabeni7@patch.com,Male
657,Margalo,MacCambridge,mmaccambridgei8@fotki.com,Female
658,Marlyn,Coffin,mcoffini9@java.com,Female
659,Tamarah,Overy,toveryia@spotify.com,Female
660,Winnah,Lauga,wlaugaib@time.com,Female
661,Raye,Cullingworth,rcullingworthic@linkedin.com,Female
662,Mellie,Dennett,mdennettid@irs.gov,Female
663,Sheppard,Thoma,sthomaie@clickbank.net,Male
664,Windham,Laite,wlaiteif@amazon.com,Male
665,Lottie,Windham,lwindhamig@yolasite.com,Female
666,Leonore,Flaonier,lflaonierih@ox.ac.uk,Female
667,Cazzie,Kiffin,ckiffinii@washingtonpost.com,Male
668,Alejandra,Pfiffer,apfifferij@whitehouse.gov,Female
669,Bjorn,Station,bstationik@unesco.org,Male
670,Innis,DelaField,idelafieldil@ebay.co.uk,Male
671,Velvet,Whitchurch,vwhitchurchim@xrea.com,Female
672,Gusella,Kiltie,gkiltiein@wordpress.com,Female
673,Moria,Ellens,mellensio@networksolutions.com,Female
674,Lizette,Shrieve,lshrieveip@youtu.be,Female
675,Naoma,La Croce,nlacroceiq@elegantthemes.com,Female
676,Bette,Lefever,blefeverir@photobucket.com,Female
677,Langston,Bucksey,lbuckseyis@jugem.jp,Male
678,Lettie,Sayes,lsayesit@spiegel.de,Female
679,Dyanne,Sponer,dsponeriu@ezinearticles.com,Female
680,Andrey,Dillaway,adillawayiv@rakuten.co.jp,Male
681,Kali,de Mendoza,kdemendozaiw@hud.gov,Female
682,Duffie,Jeaycock,djeaycockix@walmart.com,Male
683,Astra,Rebillard,arebillardiy@wikia.com,Female
684,Nestor,Stinchcombe,nstinchcombeiz@marriott.com,Male
685,Rosamond,Fidock,rfidockj0@chron.com,Female
686,Chad,Beviss,cbevissj1@rediff.com,Male
687,Cassi,Caret,ccaretj2@about.com,Female
688,Waylan,Gask,wgaskj3@netlog.com,Male
689,Willi,Carswell,wcarswellj4@canalblog.com,Male
690,Garwood,Mountain,gmountainj5@sciencedaily.com,Male
691,Minni,De Fries,mdefriesj6@zdnet.com,Female
692,Doralynn,Bertolin,dbertolinj7@canalblog.com,Female
693,Munroe,Dallander,mdallanderj8@dell.com,Male
694,Pieter,Keatch,pkeatchj9@microsoft.com,Male
695,Kelsy,Chevolleau,kchevolleauja@unblog.fr,Female
696,Hillie,Phelan,hphelanjb@earthlink.net,Male
697,Malchy,Bullers,mbullersjc@redcross.org,Male
698,Perceval,Maffioni,pmaffionijd@pcworld.com,Male
699,Leonardo,Dowley,ldowleyje@flavors.me,Male
700,Adah,Drain,adrainjf@multiply.com,Female
701,Chelsey,Graveson,cgravesonjg@home.pl,Female
702,Brewer,Buchan,bbuchanjh@sitemeter.com,Male
703,Thornie,Anfusso,tanfussoji@jiathis.com,Male
704,Rob,Prevett,rprevettjj@shinystat.com,Male
705,Randie,Kinnerley,rkinnerleyjk@w3.org,Male
706,Eleonora,Eyer,eeyerjl@wsj.com,Female
707,Devonne,Macknish,dmacknishjm@ehow.com,Female
708,Vin,Petrussi,vpetrussijn@arizona.edu,Male
709,Gabriel,Ketcher,gketcherjo@uol.com.br,Female
710,Pietrek,Rushworth,prushworthjp@tumblr.com,Male
711,Mala,Bardnam,mbardnamjq@intel.com,Female
712,Minor,Cullip,mcullipjr@hp.com,Male
713,Sholom,Mudd,smuddjs@tuttocitta.it,Male
714,Rolph,Orvis,rorvisjt@nih.gov,Male
715,Lou,Hoyland,lhoylandju@sakura.ne.jp,Female
716,Perice,Loghan,ploghanjv@ucoz.ru,Male
717,Binny,Hall,bhalljw@cocolog-nifty.com,Female
718,Zita,Veall,zvealljx@mashable.com,Female
719,Nicky,Dearell,ndearelljy@bizjournals.com,Female
720,Brantley,Criple,bcriplejz@twitter.com,Male
721,Kittie,Quartermaine,kquartermainek0@oakley.com,Female
722,Kippar,Chapelle,kchapellek1@mit.edu,Male
723,Nataniel,Ruperti,nrupertik2@un.org,Male
724,Alden,Shapira,ashapirak3@jugem.jp,Male
725,Katrina,Ridings,kridingsk4@berkeley.edu,Female
726,Monique,Steffan,msteffank5@mashable.com,Female
727,Ashley,Bikker,abikkerk6@theglobeandmail.com,Male
728,Nicol,Conklin,nconklink7@squidoo.com,Female
729,Trace,Beenham,tbeenhamk8@bravesites.com,Male
730,Kata,Labrum,klabrumk9@cornell.edu,Female
731,Zarah,Moran,zmoranka@illinois.edu,Female
732,Krystyna,Peerman,kpeermankb@princeton.edu,Female
733,Belia,Forber,bforberkc@umn.edu,Female
734,Mohandis,Hinz,mhinzkd@patch.com,Male
735,Aylmar,Varney,avarneyke@symantec.com,Male
736,Gerladina,Wield,gwieldkf@unblog.fr,Female
737,Katina,Klink,kklinkkg@ezinearticles.com,Female
738,Goraud,Bretelle,gbretellekh@stanford.edu,Male
739,Herbert,Pablo,hpabloki@cnbc.com,Male
740,Nettie,Kermott,nkermottkj@slate.com,Female
741,Sidonnie,Serchwell,sserchwellkk@sphinn.com,Female
742,Eada,Lafflina,elafflinakl@cafepress.com,Female
743,Rozanne,Bonallack,rbonallackkm@cpanel.net,Female
744,Allin,Ixor,aixorkn@elegantthemes.com,Male
745,Guido,Gomes,ggomesko@naver.com,Male
746,Steward,Antoszewski,santoszewskikp@amazon.de,Male
747,Tymothy,Unsworth,tunsworthkq@feedburner.com,Male
748,Will,Axford,waxfordkr@joomla.org,Male
749,Riva,Scini,rsciniks@microsoft.com,Female
750,Richy,Laister,rlaisterkt@ustream.tv,Male
751,Tiffy,Baldacco,tbaldaccoku@microsoft.com,Female
752,Rogerio,Cahey,rcaheykv@com.com,Male
753,Gretal,Peacham,gpeachamkw@state.tx.us,Female
754,Ranna,Beckles,rbeckleskx@tripod.com,Female
755,Gherardo,Holborn,gholbornky@typepad.com,Male
756,Artemis,Barneville,abarnevillekz@nydailynews.com,Male
757,Prissie,Pedler,ppedlerl0@over-blog.com,Female
758,Rodina,Oakland,roaklandl1@discovery.com,Female
759,Addy,Rosenblath,arosenblathl2@arizona.edu,Male
760,Lorenza,Brambell,lbrambelll3@vinaora.com,Female
761,Charline,Trevillion,ctrevillionl4@csmonitor.com,Female
762,Raff,Piatkow,rpiatkowl5@tiny.cc,Male
763,Abraham,Pendleberry,apendleberryl6@hud.gov,Male
764,Gloria,Kenney,gkenneyl7@usa.gov,Female
765,Godard,Barzen,gbarzenl8@seesaa.net,Male
766,Avrom,Smyley,asmyleyl9@hugedomains.com,Male
767,Anderson,Huguet,ahuguetla@g.co,Male
768,Melisent,Beakes,mbeakeslb@forbes.com,Female
769,Ella,Solon,esolonlc@yolasite.com,Female
770,Christie,Barczewski,cbarczewskild@nasa.gov,Female
771,Sunshine,Lampke,slampkele@baidu.com,Female
772,Danna,Breissan,dbreissanlf@wufoo.com,Female
773,Fabian,Iaduccelli,fiaduccellilg@angelfire.com,Male
774,Auria,Wigglesworth,awigglesworthlh@mail.ru,Female
775,Clara,Klimt,cklimtli@webmd.com,Female
776,Tabitha,Cholonin,tcholoninlj@dell.com,Female
777,Lyman,Coathup,lcoathuplk@desdev.cn,Male
778,Vittoria,Bedford,vbedfordll@bbb.org,Female
779,Rodie,Newlove,rnewlovelm@reference.com,Female
780,Nicolas,Shovelton,nshoveltonln@usgs.gov,Male
781,Willette,Nusche,wnuschelo@mashable.com,Female
782,Burg,Vinden,bvindenlp@unblog.fr,Male
783,Cristian,Marco,cmarcolq@jigsy.com,Male
784,Rubetta,Leachman,rleachmanlr@xrea.com,Female
785,Logan,Szach,lszachls@upenn.edu,Male
786,Nappie,Fontel,nfontellt@webs.com,Male
787,Kris,Lamacraft,klamacraftlu@who.int,Female
788,Charline,Fitzsymon,cfitzsymonlv@technorati.com,Female
789,Cordey,Curton,ccurtonlw@hugedomains.com,Female
790,Westbrooke,Ulyatt,wulyattlx@home.pl,Male
791,Kathye,Agglione,kagglionely@howstuffworks.com,Female
792,Vevay,Fluger,vflugerlz@plala.or.jp,Female
793,Zoe,Dilke,zdilkem0@toplist.cz,Female
794,Jana,Ashpole,jashpolem1@surveymonkey.com,Female
795,Madelena,Tabour,mtabourm2@stumbleupon.com,Female
796,Margot,Gabrieli,mgabrielim3@flavors.me,Female
797,Selina,Beckhurst,sbeckhurstm4@newyorker.com,Female
798,Zerk,Renish,zrenishm5@berkeley.edu,Male
799,Meghan,Izakof,mizakofm6@webeden.co.uk,Female
800,Ellsworth,Muschette,emuschettem7@google.ru,Male
801,Kain,Candey,kcandeym8@plala.or.jp,Male
802,Korrie,Zoellner,kzoellnerm9@usda.gov,Female
803,Perri,Schroder,pschroderma@wikia.com,Female
804,Hulda,Kerwood,hkerwoodmb@edublogs.org,Female
805,Sunny,Twizell,stwizellmc@blogs.com,Male
806,Orelee,Reims,oreimsmd@geocities.jp,Female
807,Anestassia,Lawlie,alawlieme@delicious.com,Female
808,Ruprecht,Tukesby,rtukesbymf@china.com.cn,Male
809,Archaimbaud,Parminter,aparmintermg@myspace.com,Male
810,Moreen,Decaze,mdecazemh@google.ca,Female
811,Malvin,Barus,mbarusmi@ed.gov,Male
812,Bernadette,Doxey,bdoxeymj@liveinternet.ru,Female
813,Wells,Decort,wdecortmk@cafepress.com,Male
814,Cobb,McMonnies,cmcmonniesml@mtv.com,Male
815,Aridatha,Braunston,abraunstonmm@odnoklassniki.ru,Female
816,Emalia,Monteith,emonteithmn@hibu.com,Female
817,Glenna,Lawee,glaweemo@disqus.com,Female
818,Gerianna,Bumby,gbumbymp@ucoz.ru,Female
819,Brena,Kingham,bkinghammq@zdnet.com,Female
820,Rufe,Sheran,rsheranmr@printfriendly.com,Male
821,Nicolai,Swinden,nswindenms@miitbeian.gov.cn,Male
822,Claudell,Othick,cothickmt@princeton.edu,Male
823,Anselm,Fendt,afendtmu@odnoklassniki.ru,Male
824,Forester,Ivatts,fivattsmv@bravesites.com,Male
825,Elbert,Beeton,ebeetonmw@hhs.gov,Male
826,Arny,Trenchard,atrenchardmx@state.gov,Male
827,Byran,Bickerdicke,bbickerdickemy@wp.com,Male
828,Quentin,Gatchel,qgatchelmz@cdbaby.com,Female
829,Lind,Slimings,lslimingsn0@redcross.org,Male
830,Rani,Bagnall,rbagnalln1@pcworld.com,Female
831,Kenneth,Mattheis,kmattheisn2@surveymonkey.com,Male
832,Eben,Tames,etamesn3@twitter.com,Male
833,Reilly,Spybey,rspybeyn4@addthis.com,Male
834,Dolley,Andreone,dandreonen5@printfriendly.com,Female
835,Tabbie,Carlett,tcarlettn6@ca.gov,Male
836,Othelia,Addicote,oaddicoten7@blogger.com,Female
837,Carny,Matiasek,cmatiasekn8@ebay.com,Male
838,Lewes,Carek,lcarekn9@purevolume.com,Male
839,Antoine,Deport,adeportna@pinterest.com,Male
840,Caesar,Scrinage,cscrinagenb@dyndns.org,Male
841,Cyril,Scally,cscallync@godaddy.com,Male
842,Gerome,Hockey,ghockeynd@sfgate.com,Male
843,Hamlin,Wink,hwinkne@w3.org,Male
844,Herby,Percy,hpercynf@addtoany.com,Male
845,Claybourne,Bawles,cbawlesng@tinypic.com,Male
846,Kingsley,Fickling,kficklingnh@sfgate.com,Male
847,Julius,Lansdown,jlansdownni@google.co.uk,Male
848,Kennan,Resdale,kresdalenj@adobe.com,Male
849,Marietta,Ziemen,mziemennk@adobe.com,Female
850,Carline,Enrich,cenrichnl@theglobeandmail.com,Female
851,Galven,Checkley,gcheckleynm@list-manage.com,Male
852,Eve,Danett,edanettnn@about.com,Female
853,Johanna,Bignell,jbignellno@scientificamerican.com,Female
854,Manuel,Summerson,msummersonnp@epa.gov,Male
855,Casey,Tibalt,ctibaltnq@webeden.co.uk,Female
856,Micah,Michelet,mmicheletnr@bloomberg.com,Male
857,Giulietta,Sewill,gsewillns@cdc.gov,Female
858,Brnaby,Seawell,bseawellnt@hibu.com,Male
859,Salomon,Burde,sburdenu@marketwatch.com,Male
860,Livvy,Paiton,lpaitonnv@usa.gov,Female
861,Antoine,Torbard,atorbardnw@arizona.edu,Male
862,Derick,McNirlan,dmcnirlannx@cbc.ca,Male
863,Giralda,Coxwell,gcoxwellny@earthlink.net,Female
864,Jeffie,Boice,jboicenz@ustream.tv,Male
865,Paxon,Tenby,ptenbyo0@blogspot.com,Male
866,Jemmy,Hargey,jhargeyo1@creativecommons.org,Female
867,Adelind,Roscamp,aroscampo2@microsoft.com,Female
868,Vicki,Crew,vcrewo3@cmu.edu,Female
869,Ruprecht,O' Cuolahan,rocuolahano4@friendfeed.com,Male
870,Maia,Esom,mesomo5@tinyurl.com,Female
871,Estevan,Mochan,emochano6@yolasite.com,Male
872,Marielle,Frazier,mfraziero7@weather.com,Female
873,Daisy,Briggdale,dbriggdaleo8@slate.com,Female
874,Susanetta,Loche,slocheo9@marketwatch.com,Female
875,Mikol,Benois,mbenoisoa@rakuten.co.jp,Male
876,Druci,Bardwell,dbardwellob@spotify.com,Female
877,Reynard,Eady,readyoc@gnu.org,Male
878,Drucie,Baty,dbatyod@boston.com,Female
879,Analiese,McGrey,amcgreyoe@soup.io,Female
880,Olive,Gibberd,ogibberdof@technorati.com,Female
881,Chris,Gerrets,cgerretsog@drupal.org,Male
882,Delphinia,Frosdick,dfrosdickoh@wired.com,Female
883,Edeline,Cowdray,ecowdrayoi@mashable.com,Female
884,Farlee,Schoular,fschoularoj@fema.gov,Male
885,Xymenes,Treagus,xtreagusok@xinhuanet.com,Male
886,Theo,Robberecht,trobberechtol@ftc.gov,Female
887,Addy,Van Dale,avandaleom@addthis.com,Male
888,Gerrie,Milvarnie,gmilvarnieon@cargocollective.com,Male
889,Margit,Andreolli,mandreollioo@whitehouse.gov,Female
890,Goldy,Ambrogelli,gambrogelliop@amazon.de,Female
891,Chas,Villalta,cvillaltaoq@ow.ly,Male
892,Serge,Cody,scodyor@moonfruit.com,Male
893,Karen,Durtnall,kdurtnallos@google.co.uk,Female
894,Toddie,Pirkis,tpirkisot@epa.gov,Male
895,Cairistiona,Lympenie,clympenieou@topsy.com,Female
896,Jimmie,Pashe,jpasheov@mlb.com,Male
897,Conny,Lyptrade,clyptradeow@cbsnews.com,Female
898,Manuel,Allchorne,mallchorneox@whitehouse.gov,Male
899,Dominic,Walczak,dwalczakoy@yale.edu,Male
900,Godfree,Ridgers,gridgersoz@twitpic.com,Male
901,Colline,Falks,cfalksp0@studiopress.com,Female
902,Wilhelmine,York,wyorkp1@youku.com,Female
903,Zorine,Woodage,zwoodagep2@vistaprint.com,Female
904,Dionne,Anthonsen,danthonsenp3@list-manage.com,Female
905,Britte,Bilsford,bbilsfordp4@disqus.com,Female
906,Emma,Spruce,esprucep5@angelfire.com,Female
907,Faye,Saggs,fsaggsp6@spiegel.de,Female
908,Kissiah,Arman,karmanp7@kickstarter.com,Female
909,Otho,Gummer,ogummerp8@over-blog.com,Male
910,Lemuel,Robertshaw,lrobertshawp9@redcross.org,Male
911,Dyane,Maase,dmaasepa@nsw.gov.au,Female
912,Wini,Burwood,wburwoodpb@bandcamp.com,Female
913,Jayme,Sommerville,jsommervillepc@godaddy.com,Female
914,Ludwig,Hovel,lhovelpd@scribd.com,Male
915,Danyelle,Haward,dhawardpe@oaic.gov.au,Female
916,Donnie,Freyne,dfreynepf@gizmodo.com,Female
917,Dorolice,Housbey,dhousbeypg@cam.ac.uk,Female
918,Sonny,Shovelin,sshovelinph@msn.com,Female
919,Kaitlin,Treadgall,ktreadgallpi@mozilla.com,Female
920,Hetty,Monery,hmonerypj@a8.net,Female
921,Darill,Dowell,ddowellpk@topsy.com,Male
922,Clayborn,Standidge,cstandidgepl@house.gov,Male
923,Corabelle,Pentlow,cpentlowpm@multiply.com,Female
924,Pepillo,d' Eye,pdeyepn@example.com,Male
925,Florence,Rubega,frubegapo@etsy.com,Female
926,Mordecai,Turone,mturonepp@wired.com,Male
927,Yetta,Kelbie,ykelbiepq@ftc.gov,Female
928,Kippy,Simco,ksimcopr@mit.edu,Female
929,Dugald,Vasic,dvasicps@theatlantic.com,Male
930,Anstice,Baiden,abaidenpt@histats.com,Female
931,Henrie,Scading,hscadingpu@pagesperso-orange.fr,Female
932,Levon,Ballintyne,lballintynepv@yahoo.co.jp,Male
933,Linzy,Ordish,lordishpw@amazon.com,Female
934,Jecho,Dufer,jduferpx@mtv.com,Male
935,Lorenza,Brendeke,lbrendekepy@un.org,Female
936,Bancroft,Flecknoe,bflecknoepz@trellian.com,Male
937,Monah,Jankovic,mjankovicq0@studiopress.com,Female
938,Morly,Bofield,mbofieldq1@ft.com,Male
939,Bonnee,Twentyman,btwentymanq2@cloudflare.com,Female
940,Gray,Blasiak,gblasiakq3@exblog.jp,Female
941,Damon,Remon,dremonq4@dedecms.com,Male
942,Juli,Manby,jmanbyq5@china.com.cn,Female
943,Dana,Dawson,ddawsonq6@hugedomains.com,Male
944,Ruth,Low,rlowq7@microsoft.com,Female
945,Dredi,Quidenham,dquidenhamq8@diigo.com,Female
946,Alford,Petry,apetryq9@jigsy.com,Male
947,Luca,Branchflower,lbranchflowerqa@theguardian.com,Male
948,Rich,Guerin,rguerinqb@statcounter.com,Male
949,Sebastian,Grist,sgristqc@umn.edu,Male
950,Bunni,Creaser,bcreaserqd@cnn.com,Female
951,Carina,Cawson,ccawsonqe@miibeian.gov.cn,Female
952,Kingsly,Thoumas,kthoumasqf@blogtalkradio.com,Male
953,Enrichetta,Leafe,eleafeqg@clickbank.net,Shemale
954,Nick,Kilgour,nkilgourqh@seattletimes.com,Male
955,Godiva,Deniscke,gdenisckeqi@about.com,Female
956,Lotty,Dilley,ldilleyqj@upenn.edu,Female
957,Fin,Triswell,ftriswellqk@mac.com,Male
958,Ingrid,Vittery,ivitteryql@cargocollective.com,Female
959,Hannis,Metham,hmethamqm@typepad.com,Female
960,Collin,Saile,csaileqn@jugem.jp,Male
961,Elissa,Stathers,estathersqo@prnewswire.com,Female
962,Wilmer,Goseling,wgoselingqp@dagondesign.com,Male
963,Edythe,Mazillius,emazilliusqq@discuz.net,Female
964,Kris,Brownett,kbrownettqr@telegraph.co.uk,Female
965,Rickie,Clarson,rclarsonqs@ihg.com,Female
966,Hilda,Hundy,hhundyqt@domainmarket.com,Female
967,Florida,Offill,foffillqu@sciencedirect.com,Female
968,Marchelle,Magowan,mmagowanqv@unicef.org,Female
969,Kacy,McAvey,kmcaveyqw@usnews.com,Female
970,Jessa,Routh,jrouthqx@chron.com,Female
971,Oralie,Patrick,opatrickqy@rakuten.co.jp,Female
972,Rachelle,Valintine,rvalintineqz@businessinsider.com,Female
973,Viola,Garrad,vgarradr0@mlb.com,Female
974,Chelsae,Willows,cwillowsr1@army.mil,Female
975,Rhodie,Keech,rkeechr2@issuu.com,Female
976,Mavis,Napolitano,mnapolitanor3@va.gov,Female
977,Delainey,Campe,dcamper4@networkadvertising.org,Male
978,Alexandros,Roskrug,aroskrugr5@ovh.net,Male
979,Teresa,Andreotti,tandreottir6@noaa.gov,Female
980,Eloise,Streeten,estreetenr7@time.com,Female
981,Heath,Kenafaque,hkenafaquer8@gizmodo.com,Female
982,Sonny,Kaplan,skaplanr9@qq.com,Female
983,Joseito,Klicher,jklicherra@scribd.com,Male
984,Claude,Caldecutt,ccaldecuttrb@soundcloud.com,Female
985,Calvin,Sholem,csholemrc@redcross.org,Male
986,Hayden,Cowdrey,hcowdreyrd@mozilla.com,Male
987,Tillie,Matthesius,tmatthesiusre@noaa.gov,Female
988,Mora,Aleixo,maleixorf@soup.io,Female
989,Aridatha,Winney,awinneyrg@toplist.cz,Female
990,Amble,Blasdale,ablasdalerh@etsy.com,Male
991,Elka,Mease,emeaseri@google.pl,Female
992,Jasmine,Rowlin,jrowlinrj@epa.gov,Female
993,Lexie,McGeoch,lmcgeochrk@exblog.jp,Female
994,Bambi,Bubbear,bbubbearrl@cmu.edu,Female
995,Fania,Skyrm,fskyrmrm@dagondesign.com,Female
996,Moise,Tourmell,mtourmellrn@pen.io,Male
997,Garrard,Beckhurst,gbeckhurstro@hatena.ne.jp,Male
998,Zulema,Risom,zrisomrp@nydailynews.com,Female
999,Ada,Cottem,acottemrq@chronoengine.com,Female
1000,Somerset,Bernardeschi,sbernardeschirr@vk.com,Male